id,name,images,debut,family,jutsu,natureType,personal,uniqueTraits,voiceActors
1425,Black Zetsu,['https://static.wikia.nocookie.net/naruto/images/e/e9/Black_Zetsu.png'],"{'manga': 'Naruto Chapter #234', 'anime': 'Naruto Episode #134', 'novel': 'Naruto Jinraiden: The Day the Wolf Howled', 'movie': 'Road to Ninja: Naruto the Movie', 'game': 'Naruto Shippūden: Ultimate Ninja 4', 'ova': 'Naruto Shippūden: UNSG anime cutscenes', 'appearsIn': 'Anime, Manga, Novel, Game, Movie'}",{'creator': 'Kaguya Ōtsutsuki'},['Naruto: Ultimate Ninja Online14 April 201320 July 2016'],"['Wood Release', 'Earth Release', 'Water Release', 'Fire Release', 'Wind Release', 'Lightning Release', 'Yin Release', 'Yang Release']","{'species': 'Artificial Human', 'status': 'Incapacitated', 'kekkeiGenkai': ['Wood Release', 'Rinnegan', 'Sharingan', 'Mangekyō Sharingan'], 'classification': ['Jinchūriki', 'S-rank', 'Sensor Type'], 'tailedBeast': 'Kurama (Yin half) (Forms)', 'occupation': 'Akatsuki spy', 'affiliation': 'Akatsuki', 'partner': ['Kaguya Ōtsutsuki', 'White Zetsu', 'Obito Uchiha', 'Madara Uchiha']}",['Can absorb chakra'],"{'japanese': ['Nobuo Tobita', 'Kengo Kawanishi   (Child)'], 'english': ['Travis Willingham', 'Michael Sorich   (Naruto Episode 135)', 'Todd Haberkorn   (Child)']}"
141,Chibi,['https://static.wikia.nocookie.net/naruto/images/d/d2/Chibi.png'],"{'manga': 'Naruto Chapter #445', 'anime': 'Naruto Shippūden Episode #172', 'appearsIn': 'Anime, Manga'}",,,,"{'sex': 'Male', 'species': 'Dog', 'age': {'Part II': '2'}, 'status': 'Deceased', 'affiliation': 'Ame Orphans""Ame Orphans"" is not in the list (Allied Shinobi Forces, Akatsuki, Root, Kara, Pale Blue Valley, Daidai Village, Aburame Clan, Academy, Advanced Technology Research Institute, Akagahara, ...) of allowed values for the ""Affiliation"" property.'}",,
166,Daibutsu,['https://static.wikia.nocookie.net/naruto/images/a/a2/Daibutsu1.png'],"{'anime': 'Naruto Shippūden Episode #347', 'appearsIn': 'Anime'}",,['Water Prison Technique'],['Water Release'],"{'sex': 'Male', 'status': 'Deceased', 'height': {'Part II': '210cm'}, 'affiliation': 'Akatsuki'}",,"{'japanese': 'Kōsuke Gotō', 'english': 'Travis Willingham'}"
193,Deidara,['https://static.wikia.nocookie.net/naruto/images/0/06/Deidara.png'],"{'manga': 'Naruto Chapter #247', 'anime': 'Naruto Shippūden Episode #2', 'novel': 'Akatsuki Hiden: Evil Flowers in Full Bloom', 'movie': 'Road to Ninja: Naruto the Movie', 'game': 'Naruto Shippūden: Gekitō Ninja Taisen! EX', 'ova': 'Naruto Shippūden: UNSG anime cutscenes', 'appearsIn': 'Anime, Manga, Novel, Game, Movie'}",,"['C0', 'C1', 'C2', 'C3', 'C4', 'Clay Clone', 'Earth Release: Hiding Like a Mole Technique', 'Explosive Clay', 'Explosive Clay Dolls (Anime only)', 'Explosive Landmines', 'Five-Seal Barrier Pass Technique', 'Iwagakure Kinjutsu', 'Shadow Clone Technique', 'Suicide Bombing Clone']","['Explosion Release', 'Earth Release', 'Lightning Release']","{'birthdate': 'May 5', 'sex': 'Male', 'age': {'Part II': '19'}, 'status': 'Deceased', 'height': {'Part II': '166cm'}, 'weight': {'Part II': '50.8kg'}, 'bloodType': 'AB', 'kekkeiGenkai': 'Explosion Release', 'classification': ['S-rank', 'Missing-nin', 'Mercenary Ninja'], 'occupation': 'Terrorist Bomber', 'affiliation': ['Iwagakure', 'Akatsuki'], 'team': ['Explosion Corps', 'Surprise Attack and Diversion Platoon'], 'partner': ['Sasori', 'Tobi']}",,"{'japanese': 'Katsuhiko Kawamoto', 'english': ['Quinton Flynn   (Episode 135)', 'Roger Craig Smith']}"
195,Demonic Statue of the Outer Path,['https://static.wikia.nocookie.net/naruto/images/f/fe/Gedo_Mazo.png'],"{'manga': 'Naruto Chapter #254', 'anime': 'Naruto Shippūden Episode #10', 'novel': 'The Last: Naruto the Movie', 'movie': 'The Last: Naruto the Movie', 'game': 'Naruto Shippūden: Ultimate Ninja 5', 'appearsIn': 'Anime, Manga, Novel, Game, Movie'}",{'original form': 'Ten-Tails'},"['The Springtime of Youth wiki has an article about this topic:', 'Demonic Statue of the Outer Path']",,"{'status': 'Incapacitated', 'classification': 'Summon', 'affiliation': 'Akatsuki'}",,
325,Ginji,['https://static.wikia.nocookie.net/naruto/images/5/52/Ginji.png'],"{'manga': 'Naruto Chapter #355', 'anime': 'Naruto Shippūden Episode #122', 'appearsIn': 'Anime, Manga'}",,,,"{'sex': 'Male', 'age': {'Part II': '23'}, 'occupation': 'Banker', 'affiliation': 'Akatsuki', 'partner': 'Kyōya'}",,"{'japanese': 'Kanji Suzumori', 'english': 'Patrick Seitz'}"
388,Hidan,['https://static.wikia.nocookie.net/naruto/images/e/e3/Hidan.png'],"{'manga': 'Naruto Chapter #312', 'anime': 'Naruto Shippūden Episode #71', 'novel': 'Akatsuki Hiden: Evil Flowers in Full Bloom', 'movie': 'Road to Ninja: Naruto the Movie', 'game': 'Naruto Shippūden: Gekitō Ninja Taisen! EX 3', 'ova': 'Naruto Shippūden: UNSG anime cutscenes', 'appearsIn': 'Anime, Manga, Novel, Game, Movie'}",,['Curse Technique: Death Controlling Possessed Blood'],,"{'birthdate': 'April 2', 'sex': 'Male', 'age': {'Part II': '22'}, 'status': 'Incapacitated', 'height': {'Part II': '177.1cm'}, 'weight': {'Part II': '56.8kg'}, 'bloodType': 'B', 'classification': ['S-rank', 'Missing-nin'], 'affiliation': ['Yugakure', 'Akatsuki'], 'partner': 'Kakuzu'}",,"{'japanese': 'Masaki Terasoma', 'english': ['Chris Edgerly', 'Wally Wingert   (Naruto Shippūden: Clash of Ninja Revolution 3)']}"
396,Himeyuri,['https://static.wikia.nocookie.net/naruto/images/2/24/Himeyuri.png'],"{'anime': 'Naruto Shippūden Episode #485', 'appearsIn': 'Anime'}",,,,"{'sex': 'Female', 'status': 'Deceased', 'occupation': 'Businesswoman', 'affiliation': 'Himeyuri Company""Himeyuri Company"" is not in the list (Allied Shinobi Forces, Akatsuki, Root, Kara, Pale Blue Valley, Daidai Village, Aburame Clan, Academy, Advanced Technology Research Institute, Akagahara, ...) of allowed values for the ""Affiliation"" property.'}",,"{'japanese': 'Mariko Higashiuchi', 'english': ""Colleen O'Shaughnessey""}"
400,Hinoki,['https://static.wikia.nocookie.net/naruto/images/b/be/Hinoki.png'],"{'game': 'Naruto: Path of the Ninja 2', 'appearsIn': 'Game'}",{'granddaughter': 'Nazuna'},,,"{'sex': 'Male', 'occupation': 'Village Head', 'affiliation': 'Valley of Great Evil""Valley of Great Evil"" is not in the list (Allied Shinobi Forces, Akatsuki, Root, Kara, Pale Blue Valley, Daidai Village, Aburame Clan, Academy, Advanced Technology Research Institute, Akagahara, ...) of allowed values for the ""Affiliation"" property.'}",,
1293,Itachi Uchiha,['https://static.wikia.nocookie.net/naruto/images/b/bb/Itachi.png'],"{'manga': 'Naruto Chapter #139', 'anime': 'Naruto Episode #80', 'novel': 'Akatsuki Hiden: Evil Flowers in Full Bloom', 'movie': 'Road to Ninja: Naruto the Movie', 'game': 'Naruto: Ultimate Ninja 2', 'ova': 'Hidden Leaf Village Grand Sports Festival!', 'appearsIn': 'Anime, Manga, Novel, Game, Movie'}","{'father': 'Fugaku Uchiha', 'mother': 'Mikoto Uchiha', 'brother': 'Sasuke Uchiha', 'niece': 'Sarada Uchiha'}","['Amaterasu', 'Chakra Suppression Technique (Novel only)', 'Clone Great Explosion', 'Crow Clone Technique', 'Demonic Illusion: Mirage Crow', 'Demonic Illusion: Mirror Heaven and Earth Change', 'Demonic Illusion: Shackling Stakes Technique', 'Early Sacrifice', 'Ephemeral', 'Fire Release: Great Fireball Technique', 'Fire Release: Phoenix Sage Fire Technique', 'Fire Release: Phoenix Sage Flower Nail Crimson', 'Genjutsu: Sharingan', 'Izanami', 'Sensing Barrier Pass Technique', 'Shadow Clone Technique', 'Summoning Technique (Crow)', 'Susanoo', 'Susanoo: Fist', 'Transcription Seal: Amaterasu', 'Tsukuyomi', 'Water Release: Starch Syrup Capturing Field (Novel only)', 'Water Release: Water Bullet Technique', 'Water Release: Water Dragon Bullet Technique', 'Water Release: Water Fang Bullet', 'Yasaka Magatama']","['Fire Release', 'Wind Release', 'Water Release', 'Yin Release', 'Yang Release']","{'birthdate': 'June 9', 'sex': 'Male', 'age': {'Part I': '17–18', 'Part II': '21', 'Academy Graduate': '7', 'Chunin Promotion': '10'}, 'status': 'Deceased', 'height': {'Part I': '175.2cm', 'Part II': '178cm'}, 'weight': {'Part I': '57.1kg', 'Part II': '58kg'}, 'bloodType': 'AB', 'kekkeiGenkai': ['Sharingan', 'Mangekyō Sharingan'], 'classification': ['S-rank', 'Missing-nin'], 'occupation': 'Anbu Captain  (Former)', 'affiliation': ['Konohagakure', 'Akatsuki'], 'team': ['Team 2  (Anime and Novel only)', 'Team Ro  (Anime only)'], 'partner': ['Jūzō Biwa  (Anime only)', 'Kisame Hoshigaki'], 'clan': 'Uchiha', 'titles': ['うちはイタチUchihaItachi', 'itachiOfTheSharingan(写輪眼のイタチ,SharinganNoItachi,LiterallyMeaning:ItachiOfTheCopyWheelEye)clanKillerItachi(一族殺しのイタチ,IchizokugoroshiNoItachi)']}",,"{'japanese': ['Hideo Ishikawa', 'Yuka Terasaki   (Child)'], 'english': ['Skip Stellrecht   (Episodes 29-30)', 'Crispin Freeman', 'Doug Erholtz   (Naruto: Ninja Council 3)', 'Michelle Ruff   (Child)']}"
521,Jūgo,"['https://static.wikia.nocookie.net/naruto/images/4/42/Jugo.png', 'https://static.wikia.nocookie.net/naruto/images/a/af/Jugo_Part_III.png']","{'manga': 'Naruto Chapter #348', 'anime': 'Naruto Shippūden Episode #116', 'novel': 'Naruto Jinraiden: The Day the Wolf Howled', 'game': 'Naruto Shippūden: Dragon Blade Chronicles', 'ova': 'Naruto Shippūden: UNSG anime cutscenes', 'appearsIn': 'Anime, Manga, Novel, Game'}",,"['Cellular Regeneration Absorption', 'Cellular Regeneration Ejection', 'Chain', 'Chakra Transfer Technique', 'Destroying Axe Fist', 'Jet Booster Jump', 'Multiple Lotus Nonself Connected Cannons', 'Piston Fist', 'Piston Fist: Style One', 'Sage Mode', 'Sage Transformation']","['Wind Release', 'Earth Release', 'Water Release', 'Yang Release']","{'birthdate': 'October 1', 'sex': 'Male', 'age': {'Part II': '18–19'}, 'height': {'Part II': '202.1cm'}, 'weight': {'Part II': '75.8kg'}, 'bloodType': 'AB', 'kekkeiGenkai': ""Jūgo's Clan's Kekkei Genkai"", 'classification': 'Sage', 'affiliation': ['Otogakure', 'Akatsuki'], 'team': 'Taka', 'clan': ""Jūgo's""}",['Can absorb chakra'],"{'japanese': 'Shūhei Sakaguchi', 'english': ['Travis Willingham', 'Kyle Hebert   (Boruto #22+)']}"
1359,Kabuto Yakushi,"['https://static.wikia.nocookie.net/naruto/images/c/c9/Kabuto_Part_1.png', 'https://static.wikia.nocookie.net/naruto/images/0/0b/Kabuto_Part_II.png']","{'manga': 'Naruto Chapter #39', 'anime': 'Naruto Episode #23', 'novel': 'Sasuke Shinden: Book of Sunrise  (Mentioned)', 'movie': 'Naruto Shippūden the Movie: Bonds', 'game': 'Naruto: Ultimate Ninja', 'ova': 'Hidden Leaf Village Grand Sports Festival!', 'appearsIn': 'Anime, Manga, Novel, Game, Movie'}","{'adoptive mother': 'Nonō Yakushi', 'adoptive sons': 'Shin Uchiha', 'adoptive brother': 'Urushi'}","['Attack of the Twin Demons', 'Body Fluid Shedding Technique', 'Body Recreation Technique (Anime only)', 'Chakra Absorbing Snakes (Anime only)', 'Chakra Draining Seal', 'Chakra Scalpel', 'Clone Snakes (Anime only)', 'Clone Snakes: Serpent Technique (Anime only)', 'Dance of the Seedling Fern', 'Dead Soul Technique', 'Demonic Flute: Phantom Sound Chains', 'Earth Release: Earth Shore Return', 'Earth Release: Hiding Like a Mole Technique', 'Hidden Shadow Snake Hands', 'Hiding with Camouflage Technique (Anime only)', 'Many Hidden Shadow Snake Hands', 'Mystical Palm Technique', 'Orochimaru-Style Body Replacement Technique', 'Reverse Summoning Technique', 'Sage Art: Inorganic Reincarnation', 'Sage Art: White Rage Technique', 'Sage Mode', 'Sage Transformation', 'Scroll Communication Technique (Anime only)', 'Slithering Snake Mode', 'Snake Clone Technique (Anime only)', 'Soft Physique Modification', 'Spider Web Unrolling', 'Strange Transmission Distant Shadow', 'Summoning Technique (Snake)', 'Summoning: Impure World Reincarnation', 'Temple of Nirvana Technique', 'Vanishing Facial Copy Technique (Anime only)', 'Water Release: Great Waterfall Technique', 'Water Release: Water Bullet Technique', 'Water Release: Water Dragon Bullet Technique', 'Yin Healing Wound Destruction']","['Earth Release', 'Water Release', 'Wind Release', 'Yin Release', 'Yang Release']","{'birthdate': 'February 29', 'sex': 'Male', 'age': {'Part I': '19–20', 'Part II': '23–24', 'Academy Graduate': '10'}, 'height': {'Part I': '176.2cm', 'Part II': '177cm'}, 'weight': {'Part I': '65kg'}, 'bloodType': 'AB', 'kekkeiGenkai': [""Jūgo's Clan's Kekkei Genkai"", ""Sakon and Ukon's Kekkei Genkai"", 'Shikotsumyaku'], 'classification': ['Medical-nin', 'Missing-nin', 'Sage'], 'occupation': [""Orochimaru's spy and right-hand man"", ""Sasori's spy"", 'Caretaker at the Konoha Orphanage'], 'affiliation': ['Konohagakure', 'Root', 'Konoha Orphanage', 'Otogakure', 'Ryūchi Cave', 'Akatsuki'], 'team': 'Team Kabuto', 'partner': 'Orochimaru', 'titles': ['薬師カブトYakushiKabuto']}",['Can absorb chakra'],"{'japanese': ['Nobutoshi Canna', 'Mariko Mizuno   (Child)'], 'english': ['Henry Dittman', 'Kirk Thornton   (Episode 135)', 'Tara Sands   (Child)']}"
558,Kakuzu,['https://static.wikia.nocookie.net/naruto/images/5/57/Kakuzu.png'],"{'manga': 'Naruto Chapter #312', 'anime': 'Naruto Shippūden Episode #71', 'novel': 'Akatsuki Hiden: Evil Flowers in Full Bloom', 'movie': 'Road to Ninja: Naruto the Movie', 'game': 'Naruto Shippūden: Gekitō Ninja Taisen! EX 3', 'ova': 'Naruto Shippūden: UNSG anime cutscenes', 'appearsIn': 'Anime, Manga, Novel, Game, Movie'}",,"['The Springtime of Youth wiki has an article about this topic:', 'Kakuzu']","['Earth Release', 'Water Release', 'Fire Release', 'Wind Release', 'Lightning Release']","{'birthdate': 'August 15', 'sex': 'Male', 'age': {'Part II': '91'}, 'status': 'Deceased', 'height': {'Part II': '185cm'}, 'weight': {'Part II': '63.2kg'}, 'bloodType': 'A', 'classification': ['S-rank', 'Missing-nin'], 'occupation': 'Akatsuki Treasurer', 'affiliation': ['Takigakure', 'Akatsuki'], 'partner': [""Kakuzu's Partner"", 'Hidan']}",,"{'japanese': 'Takaya Hashi', 'english': ['Paul St. Peter   (Episode 135)', 'Fred Tatasciore']}"
559,Kakuzu's Partner,['https://static.wikia.nocookie.net/naruto/images/c/cc/Kakuzu%27s_Partner.png'],,,,,"{'sex': 'Male', 'status': 'Deceased', 'classification': 'Missing-nin', 'affiliation': 'Akatsuki', 'partner': 'Kakuzu'}",,
593,Karin,"['https://static.wikia.nocookie.net/naruto/images/7/72/Karin3.png', 'https://static.wikia.nocookie.net/naruto/images/6/6e/Karin_p3.png']","{'manga': 'Naruto Chapter #347', 'anime': 'Naruto Shippūden Episode #115', 'novel': 'Naruto Jinraiden: The Day the Wolf Howled', 'game': 'Naruto Shippūden: Dragon Blade Chronicles', 'ova': 'Naruto Shippūden: UNSG anime cutscenes', 'appearsIn': 'Anime, Manga, Novel, Game'}","{'mother ': ""Karin's Mother""}","['Adamantine Attacking Chains', 'Chakra Suppression Technique', 'Chakra Transfer Technique', 'Heal Bite', ""Mind's Eye of the Kagura"", 'Mystical Palm Technique (Anime only)']","['Earth Release', 'Water Release', 'Yin Release', 'Yang Release']","{'birthdate': 'June 20', 'sex': 'Female', 'age': {'Part II': '16–17'}, 'height': {'Part II': '162.6cm', 'Gaiden': '166cm'}, 'weight': {'Part II': '45.8kg'}, 'bloodType': 'AB', 'classification': 'Sensor Type', 'affiliation': ['Kusagakure', 'Otogakure', 'Akatsuki'], 'team': ['Team Shigeri', 'Taka'], 'clan': 'Uzumaki'}",,"{'japanese': ['Kanako Tōjō', 'Toa Yukinari   (Shippūden episode 485+)'], 'english': 'Ali Hillis'}"
627,Kie,['https://static.wikia.nocookie.net/naruto/images/6/60/Monjin.png'],"{'manga': 'Naruto Chapter #509', 'anime': 'Naruto Shippūden Episode #252', 'game': 'Naruto Shippūden: Ultimate Ninja Storm 3', 'appearsIn': 'Anime, Manga, Game'}",,,,"{'sex': 'Male', 'age': {'Part II': '18'}, 'status': 'Deceased', 'affiliation': ['Amegakure', 'Akatsuki']}",,"{'japanese': 'Shinobu Matsumoto', 'english': 'Richard Epcar'}"
421,Kisame Hoshigaki,['https://static.wikia.nocookie.net/naruto/images/2/25/Kisame.png'],"{'manga': 'Naruto Chapter #139', 'anime': 'Naruto Episode #80', 'novel': 'Akatsuki Hiden: Evil Flowers in Full Bloom', 'movie': 'Road to Ninja: Naruto the Movie', 'game': 'Naruto: Ultimate Ninja 2', 'ova': 'Hidden Leaf Village Grand Sports Festival!', 'appearsIn': 'Anime, Manga, Novel, Game, Movie'}",,"['Earth Release: Subterranean Voyage', 'Silent Killing', 'Summoning Technique (Shark)', 'Water Clone Technique', 'Water Prison Shark Dance Technique', 'Water Prison Technique', 'Water Release: A Thousand Feeding Sharks', 'Water Release: Exploding Water Colliding Wave', 'Water Release: Five Feeding Sharks', 'Water Release: Four Sharks Rain (Anime only)', 'Water Release: Great Exploding Water Colliding Wave', 'Water Release: Great Shark Bullet Technique', 'Water Release: Water Bullet Technique', 'Water Release: Water Shark Bullet Technique']","['Water Release', 'Fire Release', 'Wind Release', 'Earth Release']","{'birthdate': 'March 18', 'sex': 'Male', 'age': {'Part I': '29', 'Part II': '32–33', 'Academy Graduate': '10'}, 'status': 'Deceased', 'height': {'Part I': '195cm'}, 'weight': {'Part I': '83.1kg'}, 'bloodType': 'AB', 'classification': ['S-rank', 'Missing-nin'], 'affiliation': ['Kirigakure', 'Akatsuki'], 'team': ['Cypher Division', 'Seven Ninja Swordsmen of the Mist'], 'partner': 'Itachi Uchiha', 'clan': 'Hoshigaki   (Anime only)'}","['Can absorb chakra', 'Gills']","{'japanese': 'Tomoyuki Dan', 'english': ['Michael McConnohie   (Episode 80)', 'Kirk Thornton   (Episode 81+)']}"
684,Konan,['https://static.wikia.nocookie.net/naruto/images/5/58/Konan_Infobox.png'],"{'manga': 'Naruto Chapter #363', 'anime': 'Naruto Shippūden Episode #125', 'novel': 'Akatsuki Hiden: Evil Flowers in Full Bloom', 'movie': 'Road to Ninja: Naruto the Movie', 'game': 'Naruto Shippūden: Ultimate Ninja Heroes 3', 'ova': 'Naruto x UT', 'appearsIn': 'Anime, Manga, Novel, Game, Movie'}",,"['Dance of the Shikigami', 'Paper Chakram', 'Paper Clone', 'Paper Drizzle', 'Paper Person of God Technique', 'Paper Shuriken', 'Sensing Technique (Anime only)']","['Wind Release', 'Earth Release', 'Water Release', 'Yang Release']","{'birthdate': 'February 20', 'sex': 'Female', 'age': {'Part II': '35'}, 'status': 'Deceased', 'height': {'Part II': '169.4cm'}, 'weight': {'Part II': '45.3kg'}, 'bloodType': 'O', 'classification': ['S-rank', 'Sensor Type'], 'occupation': 'Village Head', 'affiliation': ['Amegakure', 'Akatsuki'], 'team': 'Ame Orphans', 'partner': 'Nagato'}",,"{'japanese': ['Atsuko Tanaka', 'Kaori Mine   (Child)'], 'english': 'Dorothy Elias-Fahn'}"
735,Kyōya,['https://static.wikia.nocookie.net/naruto/images/7/7e/Kyoya.png'],"{'manga': 'Naruto Chapter #355', 'anime': 'Naruto Shippūden Episode #122', 'appearsIn': 'Anime, Manga'}",,,,"{'sex': 'Male', 'age': {'Part II': '23'}, 'occupation': 'Accountant', 'affiliation': 'Akatsuki', 'partner': 'Ginji'}",,"{'japanese': 'Takafumi Kawakami', 'english': 'Tony Oliver'}"
736,Kyūsuke,['https://static.wikia.nocookie.net/naruto/images/e/e7/Kyusuke.png'],"{'manga': 'Naruto Chapter #446', 'anime': 'Naruto Shippūden Episode #173', 'game': 'Naruto Shippūden: Ultimate Ninja Storm 3', 'appearsIn': 'Anime, Manga, Game'}",,['Lava Release: Quicklime Congealing Technique (Anime only)'],"['Lava Release  (Anime only)', 'Fire Release  (Anime only)', 'Earth Release  (Anime only)']","{'sex': 'Male', 'status': 'Deceased', 'height': {'Part II': '171.6cm'}, 'kekkeiGenkai': 'Lava Release   (Anime only)', 'affiliation': ['Amegakure', 'Akatsuki']}",,"{'japanese': 'Hidenobu Kiuchi', 'english': 'Keith Silverstein'}"
