id,name,characters
0,Aburame,"[9, 10, 11, 12, 13, 14, 15, 16]"
1,Akimichi,"[38, 39, 40, 41, 42, 43, 44, 45, 46, 47, 596]"
2,Amagiri,"[57, 58]"
3,Chinoike,"[145, 947]"
4,Funato,"[240, 242, 243, 244, 245, 246, 247, 331, 508, 655, 656]"
5,Fūma,"[78, 238]"
6,Fūma   (Presumed),[239]
7,Fūma  (Land of Sound),"[87, 367, 511, 531, 566, 699, 1040]"
8,Hatake,"[376, 377]"
9,Hirasaka,[404]
10,Hoshigaki,[422]
11,Hoshigaki   (Anime only),[421]
12,Hyūga,"[434, 435, 436, 438, 439, 440, 441, 442, 443, 444, 445]"
13,Hyūga,"[434, 435, 436, 438, 439, 440, 441, 442, 443, 444, 445]"
14,Hōki Family,[1088]
15,Hōzuki,"[428, 429, 430]"
16,Iburi,"[336, 1217, 1407]"
17,Inuzuka,"[29, 37, 138, 353, 463, 464, 465, 466, 467, 468, 634, 721]"
18,Izuno,"[496, 497, 498, 499]"
19,Jūgo's,[521]
